{
  "label_fraction": 0.01,
  "best_method": "Self-Train (ImageNet)",
  "best_auroc": 0.7806712341560741,
  "all_results": {
    "Baseline (ImageNet)": {
      "auroc": 0.6738101060353632,
      "mAP": 0.10162022168670805,
      "time_minutes": 9.432872752348581
    },
    "SimCLR \u2192 Fine-tune": {
      "auroc": 0.6701618507692235,
      "mAP": 0.09703762278495508,
      "time_minutes": 3.7230525573094684
    },
    "Rotation \u2192 Fine-tune": {
      "auroc": 0.6558110752394547,
      "mAP": 0.09571942450798185,
      "time_minutes": 2.8317726969718935
    },
    "Self-Train (ImageNet)": {
      "auroc": 0.7806712341560741,
      "mAP": 0.19878976878781565,
      "time_minutes": 55.682468052705126
    },
    "Self-Train (SimCLR)": {
      "auroc": 0.762592178806951,
      "mAP": 0.17077883360229376,
      "time_minutes": 63.68099262317022
    }
  }
}