{
  "experiment": "baseline_transfer_learning",
  "label_fraction": 0.01,
  "n_labeled": 784,
  "n_total_train": 78468,
  "epochs_trained": 0,
  "best_val_auroc": 0.6631293701150096,
  "test_metrics": {
    "mean_auroc": 0.6561706599924088,
    "mAP": 0.09391594541393487,
    "f1_macro": 0.0002432423640471416,
    "f1_micro": 0.0006051803437424352,
    "exact_match": 0.5314937814826372,
    "per_class_auroc": {
      "Atelectasis": 0.6805699952055957,
      "Cardiomegaly": 0.6250882067410316,
      "Effusion": 0.7766895787040682,
      "Infiltration": 0.638932172655616,
      "Mass": 0.6335846500006216,
      "Nodule": 0.585592861989155,
      "Pneumonia": 0.6185187502490587,
      "Pneumothorax": 0.6922956608816804,
      "Consolidation": 0.7141066609213891,
      "Edema": 0.7004496792482292,
      "Emphysema": 0.7019724147967492,
      "Fibrosis": 0.6295702893549722,
      "Pleural Thickening": 0.6548921502554206,
      "Hernia": 0.5341261688901365
    }
  },
  "training_history": [],
  "training_time_minutes": 0.0
}