{
  "experiment": "simclr_finetune",
  "label_fraction": 0.01,
  "n_labeled": 784,
  "freeze_epochs": 5,
  "best_val_auroc": 0.6633412914837605,
  "test_metrics": {
    "mean_auroc": 0.6602233870689674,
    "mAP": 0.09197036532318426,
    "f1_macro": 0.0,
    "f1_micro": 0.0,
    "per_class_auroc": {
      "Atelectasis": 0.6901268927263394,
      "Cardiomegaly": 0.6427777177544699,
      "Effusion": 0.7813515308501006,
      "Infiltration": 0.6376524010785725,
      "Mass": 0.6449732730007582,
      "Nodule": 0.5537052698251748,
      "Pneumonia": 0.6268151484240316,
      "Pneumothorax": 0.6871888823150407,
      "Consolidation": 0.7501656486899035,
      "Edema": 0.7429004668879051,
      "Emphysema": 0.6622238316398604,
      "Fibrosis": 0.5949042279674511,
      "Pleural Thickening": 0.6464751574458221,
      "Hernia": 0.5818669703601149
    }
  },
  "training_history": [],
  "training_time_minutes": 0.0
}